Domain,NameServers,Updated Date,Created Date,Expiry Date
godaddysites.com,"CNS1.SECURESERVER.NET, CNS2.SECURESERVER.NET",2023-10-26T15:11:19Z,2013-11-18T12:08:35Z,2032-11-18T12:08:35Z
godaddysites.com,"CNS1.SECURESERVER.NET, CNS2.SECURESERVER.NET",2023-10-26T15:11:19Z,2013-11-18T12:08:35Z,2032-11-18T12:08:35Z
00003.online,,N/A,N/A,N/A
godaddysites.com,"CNS1.SECURESERVER.NET, CNS2.SECURESERVER.NET",2023-10-26T15:11:19Z,2013-11-18T12:08:35Z,2032-11-18T12:08:35Z
wcomhost.com,"NS51.WORLDNIC.COM, NS52.WORLDNIC.COM",2023-11-28T13:46:52Z,2012-01-25T20:25:03Z,2033-01-25T20:25:03Z
wcomhost.com,"NS51.WORLDNIC.COM, NS52.WORLDNIC.COM",2023-11-28T13:46:52Z,2012-01-25T20:25:03Z,2033-01-25T20:25:03Z
wcomhost.com,"NS51.WORLDNIC.COM, NS52.WORLDNIC.COM",2023-11-28T13:46:52Z,2012-01-25T20:25:03Z,2033-01-25T20:25:03Z
wcomhost.com,"NS51.WORLDNIC.COM, NS52.WORLDNIC.COM",2023-11-28T13:46:52Z,2012-01-25T20:25:03Z,2033-01-25T20:25:03Z
wcomhost.com,"NS51.WORLDNIC.COM, NS52.WORLDNIC.COM",2023-11-28T13:46:52Z,2012-01-25T20:25:03Z,2033-01-25T20:25:03Z
wcomhost.com,"NS51.WORLDNIC.COM, NS52.WORLDNIC.COM",2023-11-28T13:46:52Z,2012-01-25T20:25:03Z,2033-01-25T20:25:03Z
wcomhost.com,"NS51.WORLDNIC.COM, NS52.WORLDNIC.COM",2023-11-28T13:46:52Z,2012-01-25T20:25:03Z,2033-01-25T20:25:03Z
wcomhost.com,"NS51.WORLDNIC.COM, NS52.WORLDNIC.COM",2023-11-28T13:46:52Z,2012-01-25T20:25:03Z,2033-01-25T20:25:03Z
wcomhost.com,"NS51.WORLDNIC.COM, NS52.WORLDNIC.COM",2023-11-28T13:46:52Z,2012-01-25T20:25:03Z,2033-01-25T20:25:03Z
wcomhost.com,"NS51.WORLDNIC.COM, NS52.WORLDNIC.COM",2023-11-28T13:46:52Z,2012-01-25T20:25:03Z,2033-01-25T20:25:03Z
wcomhost.com,"NS51.WORLDNIC.COM, NS52.WORLDNIC.COM",2023-11-28T13:46:52Z,2012-01-25T20:25:03Z,2033-01-25T20:25:03Z
wcomhost.com,"NS51.WORLDNIC.COM, NS52.WORLDNIC.COM",2023-11-28T13:46:52Z,2012-01-25T20:25:03Z,2033-01-25T20:25:03Z
wcomhost.com,"NS51.WORLDNIC.COM, NS52.WORLDNIC.COM",2023-11-28T13:46:52Z,2012-01-25T20:25:03Z,2033-01-25T20:25:03Z
wcomhost.com,"NS51.WORLDNIC.COM, NS52.WORLDNIC.COM",2023-11-28T13:46:52Z,2012-01-25T20:25:03Z,2033-01-25T20:25:03Z
wcomhost.com,"NS51.WORLDNIC.COM, NS52.WORLDNIC.COM",2023-11-28T13:46:52Z,2012-01-25T20:25:03Z,2033-01-25T20:25:03Z
001002.xyz,,N/A,N/A,N/A
weebly.com,"dns1.p01.nsone.net, dns2.p01.nsone.net, dns3.p01.nsone.net, ns-123.awsdns-15.com, ns-1500.awsdns-59.org, ns-646.awsdns-16.net",2024-03-29T00:47:12Z,2006-03-29T00:25:07Z,2025-03-28T23:25:07Z
godaddysites.com,"CNS1.SECURESERVER.NET, CNS2.SECURESERVER.NET",2023-10-26T15:11:19Z,2013-11-18T12:08:35Z,2032-11-18T12:08:35Z
windows.net,"ns4-39.azure-dns.info, ns2-39.azure-dns.net, ns1-39.azure-dns.com, ns3-39.azure-dns.org",2023-08-18T16:15:54+0000,1995-08-10T04:00:00+0000,2025-06-04T00:00:00+0000
googleusercontent.com,"ns4.google.com, ns2.google.com, ns1.google.com, ns3.google.com",2024-10-16T09:57:19+0000,2008-11-17T15:58:29+0000,2025-11-17T00:00:00+0000
00wellsfarg.azurewebsites.net,,N/A,N/A,N/A
0101-mx001.emailnetwork.uk,,N/A,N/A,N/A
slfrc209.com,,N/A,N/A,N/A
018161955758690-dot-cjr-ksh-egy.appspot.com,,N/A,N/A,N/A
0307shppsp01.fun,,N/A,N/A,N/A
16mb.com,"NS1.16MB.COM, NS2.16MB.COM, NS3.16MB.COM, NS4.16MB.COM",2024-07-17T14:15:32Z,2002-07-16T12:15:22Z,2025-07-16T12:15:22Z
windows.net,"ns4-39.azure-dns.info, ns2-39.azure-dns.net, ns1-39.azure-dns.com, ns3-39.azure-dns.org",2023-08-18T16:15:54+0000,1995-08-10T04:00:00+0000,2025-06-04T00:00:00+0000
windows.net,"ns4-39.azure-dns.info, ns2-39.azure-dns.net, ns1-39.azure-dns.com, ns3-39.azure-dns.org",2023-08-18T16:15:54+0000,1995-08-10T04:00:00+0000,2025-06-04T00:00:00+0000
windows.net,"ns4-39.azure-dns.info, ns2-39.azure-dns.net, ns1-39.azure-dns.com, ns3-39.azure-dns.org",2023-08-18T16:15:54+0000,1995-08-10T04:00:00+0000,2025-06-04T00:00:00+0000
041089719357198-dot-cjr-ksh-egy.appspot.com,,N/A,N/A,N/A
042019.tk,,N/A,N/A,N/A
netsolhost.com,"NS1.NETSOLMAIL.COM, NS2.NETSOLMAIL.COM",2023-11-29T05:21:11Z,2004-09-21T18:30:23Z,2025-09-21T18:30:23Z
netsolhost.com,"NS1.NETSOLMAIL.COM, NS2.NETSOLMAIL.COM",2023-11-29T05:21:11Z,2004-09-21T18:30:23Z,2025-09-21T18:30:23Z
netsolhost.com,"NS1.NETSOLMAIL.COM, NS2.NETSOLMAIL.COM",2023-11-29T05:21:11Z,2004-09-21T18:30:23Z,2025-09-21T18:30:23Z
netsolhost.com,"NS1.NETSOLMAIL.COM, NS2.NETSOLMAIL.COM",2023-11-29T05:21:11Z,2004-09-21T18:30:23Z,2025-09-21T18:30:23Z
wcomhost.com,"NS51.WORLDNIC.COM, NS52.WORLDNIC.COM",2023-11-28T13:46:52Z,2012-01-25T20:25:03Z,2033-01-25T20:25:03Z
netlify.com,"dns1.p04.nsone.net, dns2.p04.nsone.net, dns3.p04.nsone.net, dns4.p04.nsone.net, ns01.netlifydns.com, ns02.netlifydns.com, ns03.netlifydns.com, ns04.netlifydns.com",2024-05-08T16:10:33Z,2014-06-09T19:55:48Z,2025-06-09T19:55:48Z
0503.site,,N/A,N/A,N/A
ctinets.com,"NS1O.CTIHK.COM, NS2O.CTIHK.COM",2022-04-28T06:31:26Z,1998-06-01T04:00:00Z,2027-05-31T04:00:00Z
067f3f4d4e085681f28dee075d3bf310.gq,,N/A,N/A,N/A
073zlaokta.com,,N/A,N/A,N/A
cloudaccess.host,,N/A,N/A,N/A
624dgns34gh.pw,,N/A,N/A,N/A
0879.bounceme.net,,N/A,N/A,N/A
088invoice.online,,N/A,N/A,N/A
08ea080b.ngrok.io,,N/A,N/A,N/A
insonpolooapp.xyz,,N/A,N/A,N/A
090676b3fedd4b4dbd28a578c432da8e.testurl.ws,,N/A,N/A,N/A
windows.net,"ns4-39.azure-dns.info, ns2-39.azure-dns.net, ns1-39.azure-dns.com, ns3-39.azure-dns.org",2023-08-18T16:15:54+0000,1995-08-10T04:00:00+0000,2025-06-04T00:00:00+0000
weebly.com,"dns1.p01.nsone.net, dns2.p01.nsone.net, dns3.p01.nsone.net, ns-123.awsdns-15.com, ns-1500.awsdns-59.org, ns-646.awsdns-16.net",2024-03-29T00:47:12Z,2006-03-29T00:25:07Z,2025-03-28T23:25:07Z
cloudaccess.host,,N/A,N/A,N/A
godaddysites.com,"CNS1.SECURESERVER.NET, CNS2.SECURESERVER.NET",2023-10-26T15:11:19Z,2013-11-18T12:08:35Z,2032-11-18T12:08:35Z
16mb.com,"NS1.16MB.COM, NS2.16MB.COM, NS3.16MB.COM, NS4.16MB.COM",2024-07-17T14:15:32Z,2002-07-16T12:15:22Z,2025-07-16T12:15:22Z
0b50yutyudmynkmsh0mp0t7d6i4rv4pxw52a4ii9x8wajv4m4j.xyz,,N/A,N/A,N/A
0bmen-money.online,,N/A,N/A,N/A
0bmen.online,,N/A,N/A,N/A
0c2onosts-svcs.myddns.me,,N/A,N/A,N/A
htmlcomponentservice.com,"DNS1.P06.NSONE.NET, DNS2.P06.NSONE.NET, DNS3.P06.NSONE.NET, DNS4.P06.NSONE.NET",2024-01-10T15:13:19Z,2016-01-09T12:46:14Z,2025-01-09T12:46:14Z
0d03525a.ngrok.io,,N/A,N/A,N/A
cn40p.pro,,N/A,N/A,N/A
0ffice-resolving-l0gin-365.trilhadojerico.com.br,,N/A,N/A,N/A
0ffice-securltlesy-micr0s0ft-acc0unt.online,,N/A,N/A,N/A
0fflce-ac0unt-secure-auuth-mlcr0s0ft.xyz,,N/A,N/A,N/A
0fj3.icu,,N/A,N/A,N/A
mediderm.com,"ns1.mediderm.com, ns2.mediderm.com",2017-02-15T12:01:05.000Z,1997-02-13T05:00:00.000Z,2025-02-14T05:00:00.000Z
netlify.com,"dns1.p04.nsone.net, dns2.p04.nsone.net, dns3.p04.nsone.net, dns4.p04.nsone.net, ns01.netlifydns.com, ns02.netlifydns.com, ns03.netlifydns.com, ns04.netlifydns.com",2024-05-08T16:10:33Z,2014-06-09T19:55:48Z,2025-06-09T19:55:48Z
drgo.ru,,N/A,N/A,N/A
mbway.ru,,N/A,N/A,N/A
0utiook.live,,N/A,N/A,N/A
0utl00k-365-0ff1ce0nline.ml,,N/A,N/A,N/A
0w6dcfry8540pw57cy436t1by8qqd2cen2mmf31fv9betkpxb0.xyz,,N/A,N/A,N/A
0x8e89ad3526d65f8a.xyz,,N/A,N/A,N/A
16mb.com,"NS1.16MB.COM, NS2.16MB.COM, NS3.16MB.COM, NS4.16MB.COM",2024-07-17T14:15:32Z,2002-07-16T12:15:22Z,2025-07-16T12:15:22Z
10000eth.net,,N/A,N/A,N/A
16mb.com,"NS1.16MB.COM, NS2.16MB.COM, NS3.16MB.COM, NS4.16MB.COM",2024-07-17T14:15:32Z,2002-07-16T12:15:22Z,2025-07-16T12:15:22Z
16mb.com,"NS1.16MB.COM, NS2.16MB.COM, NS3.16MB.COM, NS4.16MB.COM",2024-07-17T14:15:32Z,2002-07-16T12:15:22Z,2025-07-16T12:15:22Z
100389.azurewebsites.net,,N/A,N/A,N/A
10059.azurewebsites.net,,N/A,N/A,N/A
100amzm.azurewebsites.net,,N/A,N/A,N/A
100btc.online,,N/A,N/A,N/A
100dh.tk,,N/A,N/A,N/A
100monet.online,,N/A,N/A,N/A
100x-mlt-btc.com,,N/A,N/A,N/A
1010928192.hopto.org,,N/A,N/A,N/A
16mb.com,"NS1.16MB.COM, NS2.16MB.COM, NS3.16MB.COM, NS4.16MB.COM",2024-07-17T14:15:32Z,2002-07-16T12:15:22Z,2025-07-16T12:15:22Z
co.nf,,N/A,N/A,N/A
cdn77.org,,N/A,N/A,N/A
16mb.com,"NS1.16MB.COM, NS2.16MB.COM, NS3.16MB.COM, NS4.16MB.COM",2024-07-17T14:15:32Z,2002-07-16T12:15:22Z,2025-07-16T12:15:22Z
103.114.104.87,,N/A,N/A,N/A
103.119.0.224,,N/A,N/A,N/A
103.119.30.176,,N/A,N/A,N/A
103.195.100.74,,N/A,N/A,N/A
103.195.7.246,,N/A,N/A,N/A
103.195.7.57,,N/A,N/A,N/A
103.210.236.134,,N/A,N/A,N/A
103.21.182.11,,N/A,N/A,N/A
103.21.182.17,,N/A,N/A,N/A
103.213.249.217,,N/A,N/A,N/A
103.231.14.198,,N/A,N/A,N/A
103.250.52.30,,N/A,N/A,N/A
103.27.227.176,,N/A,N/A,N/A
103.41.45.130,,N/A,N/A,N/A
103.52.188.138,,N/A,N/A,N/A
103.56.16.107,,N/A,N/A,N/A
103.56.16.190,,N/A,N/A,N/A
103.70.226.173,,N/A,N/A,N/A
103.71.168.43,,N/A,N/A,N/A
103.71.49.221,,N/A,N/A,N/A
104.211.16.249,,N/A,N/A,N/A
104.211.60.209,,N/A,N/A,N/A
104.211.62.155,,N/A,N/A,N/A
104.237.5.32,,N/A,N/A,N/A
104.248.111.110,,N/A,N/A,N/A
104.248.135.188,,N/A,N/A,N/A
104.248.143.105,,N/A,N/A,N/A
104.248.146.112,,N/A,N/A,N/A
104.248.146.7,,N/A,N/A,N/A
104.248.147.161,,N/A,N/A,N/A
104.248.172.52,,N/A,N/A,N/A
104.248.174.217,,N/A,N/A,N/A
104.248.18.93,,N/A,N/A,N/A
104.248.220.209,,N/A,N/A,N/A
104.248.231.84,,N/A,N/A,N/A
104.248.247.139,,N/A,N/A,N/A
104.248.29.234,,N/A,N/A,N/A
104.248.45.224,,N/A,N/A,N/A
104.248.65.16,,N/A,N/A,N/A
104.248.71.142,,N/A,N/A,N/A
104.248.75.171,,N/A,N/A,N/A
104.248.88.150,,N/A,N/A,N/A
104.248.89.214,,N/A,N/A,N/A
104.248.98.122,,N/A,N/A,N/A
104.248.99.69,,N/A,N/A,N/A
104.250.166.48,,N/A,N/A,N/A
104.36.166.234,,N/A,N/A,N/A
104.36.167.8,,N/A,N/A,N/A
104.41.137.231,,N/A,N/A,N/A
104.41.145.115,,N/A,N/A,N/A
104.41.154.40,,N/A,N/A,N/A
104.41.36.234,,N/A,N/A,N/A
104.41.63.88,,N/A,N/A,N/A
104.42.147.243,,N/A,N/A,N/A
106.12.21.106,,N/A,N/A,N/A
106.12.28.36,,N/A,N/A,N/A
106.14.119.113,,N/A,N/A,N/A
106.75.17.151,,N/A,N/A,N/A
107.155.133.179,,N/A,N/A,N/A
1079lehman.com,,N/A,N/A,N/A
109046878085679-dot-bel-jrs-jbf.appspot.com,,N/A,N/A,N/A
109.176.11.9,,N/A,N/A,N/A
htmlcomponentservice.com,"DNS1.P06.NSONE.NET, DNS2.P06.NSONE.NET, DNS3.P06.NSONE.NET, DNS4.P06.NSONE.NET",2024-01-10T15:13:19Z,2016-01-09T12:46:14Z,2025-01-09T12:46:14Z
111.231.208.47,,N/A,N/A,N/A
111.67.200.164,,N/A,N/A,N/A
111.90.144.157,,N/A,N/A,N/A
111.90.144.67,,N/A,N/A,N/A
111.90.150.10,,N/A,N/A,N/A
111.90.150.144,,N/A,N/A,N/A
111.90.150.220,,N/A,N/A,N/A
111.90.150.62,,N/A,N/A,N/A
windows.net,"ns4-39.azure-dns.info, ns2-39.azure-dns.net, ns1-39.azure-dns.com, ns3-39.azure-dns.org",2023-08-18T16:15:54+0000,1995-08-10T04:00:00+0000,2025-06-04T00:00:00+0000
112.175.114.36,,N/A,20090210,N/A
putusjinus.com,,N/A,N/A,N/A
115.126.98.4,,N/A,N/A,N/A
windows.net,"ns4-39.azure-dns.info, ns2-39.azure-dns.net, ns1-39.azure-dns.com, ns3-39.azure-dns.org",2023-08-18T16:15:54+0000,1995-08-10T04:00:00+0000,2025-06-04T00:00:00+0000
116.206.177.167,,N/A,N/A,N/A
116.206.177.189,,N/A,N/A,N/A
116.206.179.53,,N/A,N/A,N/A
116.89.241.78,,N/A,N/A,N/A
googleusercontent.com,"ns4.google.com, ns2.google.com, ns1.google.com, ns3.google.com",2024-10-16T09:57:19+0000,2008-11-17T15:58:29+0000,2025-11-17T00:00:00+0000
118.127.32.153,,N/A,N/A,N/A
googleusercontent.com,"ns4.google.com, ns2.google.com, ns1.google.com, ns3.google.com",2024-10-16T09:57:19+0000,2008-11-17T15:58:29+0000,2025-11-17T00:00:00+0000
118.25.176.38,,N/A,N/A,N/A
118.25.61.187,,N/A,N/A,N/A
121.207.250.132,,N/A,N/A,N/A
121.35.255.35,,N/A,N/A,N/A
12.157.226.135,,N/A,N/A,N/A
windows.net,"ns4-39.azure-dns.info, ns2-39.azure-dns.net, ns1-39.azure-dns.com, ns3-39.azure-dns.org",2023-08-18T16:15:54+0000,1995-08-10T04:00:00+0000,2025-06-04T00:00:00+0000
1221111sw.ml,,N/A,N/A,N/A
122.114.160.201,,N/A,N/A,N/A
122.114.187.34,,N/A,N/A,N/A
122.1.197.28,,2023/06/07 10:41:02(JST),2006/10/04,N/A
122.154.57.101,,N/A,N/A,N/A
windows.net,"ns4-39.azure-dns.info, ns2-39.azure-dns.net, ns1-39.azure-dns.com, ns3-39.azure-dns.org",2023-08-18T16:15:54+0000,1995-08-10T04:00:00+0000,2025-06-04T00:00:00+0000
123.142.192.18,,N/A,N/A,N/A
123.242.172.6,,N/A,N/A,N/A
login-bankofamerica-com-security-dsa2.com,,N/A,N/A,N/A
125.90.52.61,,N/A,N/A,N/A
128.14.128.144,,N/A,N/A,N/A
128.14.128.145,,N/A,N/A,N/A
128.14.128.146,,N/A,N/A,N/A
128.14.128.147,,N/A,N/A,N/A
128.14.128.148,,N/A,N/A,N/A
128.14.128.149,,N/A,N/A,N/A
128.14.128.150,,N/A,N/A,N/A
128.14.128.151,,N/A,N/A,N/A
128.14.128.152,,N/A,N/A,N/A
128.14.128.153,,N/A,N/A,N/A
128.14.128.154,,N/A,N/A,N/A
128.14.128.155,,N/A,N/A,N/A
128.14.128.156,,N/A,N/A,N/A
128.14.128.157,,N/A,N/A,N/A
128.14.128.158,,N/A,N/A,N/A
128.14.128.159,,N/A,N/A,N/A
128.14.135.232,,N/A,N/A,N/A
128.14.135.233,,N/A,N/A,N/A
128.14.135.234,,N/A,N/A,N/A
128.14.135.235,,N/A,N/A,N/A
128.14.135.236,,N/A,N/A,N/A
128.14.135.237,,N/A,N/A,N/A
128.14.135.238,,N/A,N/A,N/A
128.14.135.239,,N/A,N/A,N/A
128.14.144.148,,N/A,N/A,N/A
128.14.144.149,,N/A,N/A,N/A
128.14.144.150,,N/A,N/A,N/A
128.14.144.151,,N/A,N/A,N/A
128.14.144.152,,N/A,N/A,N/A
128.14.144.153,,N/A,N/A,N/A
128.14.144.154,,N/A,N/A,N/A
128.14.144.155,,N/A,N/A,N/A
128.14.144.156,,N/A,N/A,N/A
128.14.144.157,,N/A,N/A,N/A
128.14.144.158,,N/A,N/A,N/A
128.14.144.159,,N/A,N/A,N/A
128.1.90.136,,N/A,N/A,N/A
128.1.90.137,,N/A,N/A,N/A
128.1.90.138,,N/A,N/A,N/A
128.1.90.139,,N/A,N/A,N/A
128.1.90.140,,N/A,N/A,N/A
128.1.90.141,,N/A,N/A,N/A
128.1.90.142,,N/A,N/A,N/A
128.1.90.143,,N/A,N/A,N/A
128.199.179.51,,N/A,N/A,N/A
128.199.216.101,,N/A,N/A,N/A
128.199.216.69,,N/A,N/A,N/A
128.199.239.180,,N/A,N/A,N/A
128.199.251.41,,N/A,N/A,N/A
128.199.35.5,,N/A,N/A,N/A
128.199.50.21,,N/A,N/A,N/A
googleusercontent.com,"ns4.google.com, ns2.google.com, ns1.google.com, ns3.google.com",2024-10-16T09:57:19+0000,2008-11-17T15:58:29+0000,2025-11-17T00:00:00+0000
129.204.223.222,,N/A,N/A,N/A
getlark.hosting,,N/A,N/A,N/A
13099.azurewebsites.net,,N/A,N/A,N/A
132.145.36.176,,N/A,N/A,N/A
windows.net,"ns4-39.azure-dns.info, ns2-39.azure-dns.net, ns1-39.azure-dns.com, ns3-39.azure-dns.org",2023-08-18T16:15:54+0000,1995-08-10T04:00:00+0000,2025-06-04T00:00:00+0000
13239012391102.pw,,N/A,N/A,N/A
1336-badminton.com,,N/A,N/A,N/A
134.0.17.106,,N/A,N/A,N/A
134.119.177.132,,N/A,N/A,N/A
windows.net,"ns4-39.azure-dns.info, ns2-39.azure-dns.net, ns1-39.azure-dns.com, ns3-39.azure-dns.org",2023-08-18T16:15:54+0000,1995-08-10T04:00:00+0000,2025-06-04T00:00:00+0000
134.209.100.14,,N/A,N/A,N/A
134.209.109.170,,N/A,N/A,N/A
134.209.118.49,,N/A,N/A,N/A
134.209.128.17,,N/A,N/A,N/A
134.209.131.182,,N/A,N/A,N/A
134.209.131.230,,N/A,N/A,N/A
134.209.144.101,,N/A,N/A,N/A
134.209.150.213,,N/A,N/A,N/A
134.209.158.88,,N/A,N/A,N/A
134.209.192.200,,N/A,N/A,N/A
134.209.194.89,,N/A,N/A,N/A
134.209.198.175,,N/A,N/A,N/A
134.209.209.231,,N/A,N/A,N/A
134.209.23.25,,N/A,N/A,N/A
134.209.242.131,,N/A,N/A,N/A
134.209.253.114,,N/A,N/A,N/A
134.209.26.225,,N/A,N/A,N/A
134.209.27.203,,N/A,N/A,N/A
134.209.38.210,,N/A,N/A,N/A
134.209.40.172,,N/A,N/A,N/A
134.209.49.14,,N/A,N/A,N/A
134.209.49.175,,N/A,N/A,N/A
134.209.52.179,,N/A,N/A,N/A
134.209.88.224,,N/A,N/A,N/A
134.209.92.148,,N/A,N/A,N/A
doubleclick.net,"ns2.google.com, ns3.google.com, ns1.google.com, ns4.google.com",2024-08-02T02:17:33+0000,1996-01-16T05:00:00+0000,2025-01-17T00:00:00+0000
windows.net,"ns4-39.azure-dns.info, ns2-39.azure-dns.net, ns1-39.azure-dns.com, ns3-39.azure-dns.org",2023-08-18T16:15:54+0000,1995-08-10T04:00:00+0000,2025-06-04T00:00:00+0000
13.68.129.70,,N/A,N/A,N/A
137.117.74.187,,N/A,N/A,N/A
13.72.111.148,,N/A,N/A,N/A
13.72.68.158,,N/A,N/A,N/A
138.118.173.107,,N/A,N/A,N/A
138.118.173.59,,N/A,N/A,N/A
138.197.105.106,,N/A,N/A,N/A
138.197.110.153,,N/A,N/A,N/A
138.197.131.52,,N/A,N/A,N/A
138.197.136.185,,N/A,N/A,N/A
138.197.141.98,,N/A,N/A,N/A
138.197.144.94,,N/A,N/A,N/A
138.197.152.28,,N/A,N/A,N/A
138.197.154.135,,N/A,N/A,N/A
138.197.154.159,,N/A,N/A,N/A
138.197.159.35,,N/A,N/A,N/A
138.197.164.131,,N/A,N/A,N/A
138.197.164.43,,N/A,N/A,N/A
138.197.165.126,,N/A,N/A,N/A
138.197.165.5,,N/A,N/A,N/A
138.197.166.156,,N/A,N/A,N/A
138.197.172.225,,N/A,N/A,N/A
138.197.174.109,,N/A,N/A,N/A
138.197.201.115,,N/A,N/A,N/A
138.197.207.84,,N/A,N/A,N/A
138.197.210.222,,N/A,N/A,N/A
138.197.226.8,,N/A,N/A,N/A
138.197.7.95,,N/A,N/A,N/A
138.197.99.19,,N/A,N/A,N/A
138.197.99.218,,N/A,N/A,N/A
googleusercontent.com,"ns4.google.com, ns2.google.com, ns1.google.com, ns3.google.com",2024-10-16T09:57:19+0000,2008-11-17T15:58:29+0000,2025-11-17T00:00:00+0000
138.68.100.226,,N/A,N/A,N/A
138.68.110.66,,N/A,N/A,N/A
138.68.113.64,,N/A,N/A,N/A
138.68.114.29,,N/A,N/A,N/A
138.68.115.8,,N/A,N/A,N/A
138.68.118.63,,N/A,N/A,N/A
